Workbook

Sheet Investimentos do Banco
A1: Ativo | B1: Tipo | C1: Quantidade | D1: Preço de Compra2 | E1: Preço Atual | F1: Valor Investido | G1: Valor Atual | H1: Rentabilidade | I1: Rentabilidade2 | J1: Total Investido | K1: Total Atual | L1: Rentabilidade média | M1: Menor rentabilidade | N1: Maior rentabilidade
A2: PETR4 | B2: Ação | C2: 500 | D2: 28.5 | E2: 32.4 | F2: =C2*D2 -> 14250 | G2: 16200 | H2: 1950 | I2: 0.13684211 | J2: =SUM(Tabela1[[#This Row],[Valor Investido]]*Tabela1[[#This Row],[Quantidade]]) -> 7125000 | K2: =SUM(G2:G6) -> 124750 | L2: =AVERAGEA(I2:I6) -> 0.069972527 | M2: =MIN(H2:$H$6) -> 475 | N2: =MAX(H2:$H$6) -> 2280
A3: VALE3 | B3: Ação | C3: 300 | D3: 68.2 | E3: 71.5 | F3: =C3*D3 -> 20460 | G3: 21450 | H3: 990 | I3: 0.048387097 | J3: =SUM(Tabela1[[#This Row],[Valor Investido]]*Tabela1[[#This Row],[Quantidade]]) -> 6138000 | K3: =SUM(G3:G7) -> 108550 | L3: =AVERAGEA(I3:I7) -> 0.053255133 | M3: =MIN(H3:$H$6) -> 475 | N3: =MAX(H3:$H$6) -> 2280
A4: ITUB4 | B4: Ação | C4: 400 | D4: 32.1 | E4: 34.8 | F4: =C4*D4 -> 12840 | G4: 13920 | H4: 1080 | I4: 0.08411215 | J4: =SUM(Tabela1[[#This Row],[Valor Investido]]*Tabela1[[#This Row],[Quantidade]]) -> 5136000 | K4: =SUM(G4:G8) -> 87100 | L4: =AVERAGEA(I4:I8) -> 0.054877812 | M4: =MIN(H4:$H$6) -> 475 | N4: =MAX(H4:$H$6) -> 2280
A5: BBAS3 | B5: Ação | C5: 250 | D5: 45.3 | E5: 47.2 | F5: =C5*D5 -> 11325 | G5: 11800 | H5: 475 | I5: 0.041942605 | J5: =SUM(Tabela1[[#This Row],[Valor Investido]]*Tabela1[[#This Row],[Quantidade]]) -> 2831250 | K5: =SUM(G5:G9) -> 73180 | L5: =AVERAGEA(I5:I9) -> 0.040260643 | M5: =MIN(H5:$H$6) -> 475 | N5: =MAX(H5:$H$6) -> 2280
A6: IMAB11 | B6: Fundo Imobiliário | C6: 600 | D6: 98.5 | E6: 102.3 | F6: =C6*D6 -> 59100 | G6: 61380 | H6: 2280 | I6: 0.03857868 | J6: =SUM(Tabela1[[#This Row],[Valor Investido]]*Tabela1[[#This Row],[Quantidade]]) -> 35460000 | K6: =SUM(G6:G10) -> 61380 | L6: =AVERAGEA(I6:I10) -> 0.03857868 | M6: =MIN(H6:$H$6) -> 2280 | N6: =MAX(H6:$H$6) -> 2280

Sheet Porcentagem do Valor Atual
A3: Nome da Categoria | B3: Porcentagem | C3: Soma de Valor Atual
A4: Ação | B4: 0.50797595 | C4: 63370
A5: Fundo Imobiliário | B5: 0.49202405 | C5: 61380
A6: Total Geral | B6: 1 | C6: 124750

Sheet Dashboard

Sheet Busca
A1: Coluna1 | B1: Coluna2
A2: Escolha um Ativo: | B2: IMAB11
A4: Informações do Ativo
A6: Tipo de Ativo: | B6: =VLOOKUP(B2,'Investimentos do Banco'!A2:B6,2,FALSE) -> Fundo Imobiliário
A7: Preço de Compra: | B7: =VLOOKUP(B2,'Investimentos do Banco'!A2:D6,4,FALSE) -> 98.5
A8: Preço Atual: | B8: =VLOOKUP(B2,'Investimentos do Banco'!A2:E6,5,FALSE) -> 102.3
A9: Valor Investido: | B9: =VLOOKUP(B2,'Investimentos do Banco'!A2:F6,6,FALSE) -> 59100
A10: Rentabilidade (R$): | B10: =VLOOKUP(B2,'Investimentos do Banco'!A2:H6,8,FALSE) -> 2280
A11: Rentabilidade (%): | B11: =VLOOKUP(B2,'Investimentos do Banco'!A2:I6,9,FALSE) -> 0.03857868

Sheet Planilha1
